latitude_deg,altitude,mean_vtheta
-87.5,0.5,0.053227
-82.5,0.5,-0.006345
-77.5,0.5,-0.01128
-72.5,0.5,0.050931
-67.5,0.5,0.016136
-62.5,0.5,0.005902
-57.5,0.5,0.015231
-52.5,0.5,0.001074
-47.5,0.5,0.006027
-42.5,0.5,0.00649
-37.5,0.5,0.012472
-32.5,0.5,-0.000499
-27.5,0.5,-0.00937
-22.5,0.5,0.004587
-17.5,0.5,-0.013358
-12.5,0.5,-0.012964
-7.5,0.5,-0.009397
-2.5,0.5,-0.007091
2.5,0.5,-0.009876
7.5,0.5,-0.004595
12.5,0.5,-0.002949
17.5,0.5,0.002876
22.5,0.5,0.004428
27.5,0.5,0.014419
32.5,0.5,0.024453
37.5,0.5,0.018454
42.5,0.5,0.012895
47.5,0.5,0.008931
52.5,0.5,-0.000743
57.5,0.5,0.005375
62.5,0.5,0.033142
67.5,0.5,0.048928
72.5,0.5,0.067033
77.5,0.5,0.00116
82.5,0.5,-0.07705
87.5,0.5,-0.016062
-87.5,1.5,-0.00142
-82.5,1.5,0.022582
-77.5,1.5,0.043337
-72.5,1.5,-0.001503
-67.5,1.5,0.006833
-62.5,1.5,-0.016654
-57.5,1.5,-0.014485
-52.5,1.5,0.006464
-47.5,1.5,0.004996
-42.5,1.5,-0.022117
-37.5,1.5,-0.00605
-32.5,1.5,-0.005744
-27.5,1.5,-0.006345
-22.5,1.5,-0.0046
-17.5,1.5,-0.011636
-12.5,1.5,0.0034
-7.5,1.5,0.006605
-2.5,1.5,-0.009579
2.5,1.5,-0.003883
7.5,1.5,-0.00023
12.5,1.5,-0.000358
17.5,1.5,0.002954
22.5,1.5,0.004133
27.5,1.5,0.020492
32.5,1.5,0.0061
37.5,1.5,-0.000497
42.5,1.5,0.014919
47.5,1.5,0.004951
52.5,1.5,-0.014534
57.5,1.5,0.011828
62.5,1.5,0.017188
67.5,1.5,0.016587
72.5,1.5,-0.005948
77.5,1.5,-0.011783
82.5,1.5,0.014326
87.5,1.5,0.006188
-87.5,2.5,0.055016
-82.5,2.5,0.035515
-77.5,2.5,-0.013731
-72.5,2.5,-0.010692
-67.5,2.5,-0.003517
-62.5,2.5,-0.010418
-57.5,2.5,0.003493
-52.5,2.5,0.01336
-47.5,2.5,0.00221
-42.5,2.5,-0.001061
-37.5,2.5,1.9e-05
-32.5,2.5,-0.013851
-27.5,2.5,-0.007414
-22.5,2.5,-0.004934
-17.5,2.5,-0.006704
-12.5,2.5,-0.002794
-7.5,2.5,-0.00902
-2.5,2.5,-0.002347
2.5,2.5,0.005185
7.5,2.5,0.001848
12.5,2.5,-0.009145
17.5,2.5,-0.006306
22.5,2.5,0.003091
27.5,2.5,0.010037
32.5,2.5,0.010408
37.5,2.5,0.017857
42.5,2.5,0.005544
47.5,2.5,-0.00106
52.5,2.5,0.000357
57.5,2.5,-0.006429
62.5,2.5,-0.016066
67.5,2.5,-0.005265
72.5,2.5,0.012082
77.5,2.5,0.010655
82.5,2.5,-0.035375
87.5,2.5,-0.050247
-87.5,3.5,0.029268
-82.5,3.5,-0.027672
-77.5,3.5,-0.049416
-72.5,3.5,-0.033653
-67.5,3.5,-0.035118
-62.5,3.5,-0.011919
-57.5,3.5,0.019977
-52.5,3.5,-0.009268
-47.5,3.5,-0.001797
-42.5,3.5,-0.000418
-37.5,3.5,-0.008179
-32.5,3.5,-0.014951
-27.5,3.5,-0.008168
-22.5,3.5,-0.009547
-17.5,3.5,-0.002939
-12.5,3.5,-0.010337
-7.5,3.5,-0.001264
-2.5,3.5,0.000231
2.5,3.5,0.00501
7.5,3.5,-0.008744
12.5,3.5,-0.015344
17.5,3.5,-0.007397
22.5,3.5,0.016814
27.5,3.5,0.016859
32.5,3.5,0.019397
37.5,3.5,0.018603
42.5,3.5,-0.004124
47.5,3.5,-0.007281
52.5,3.5,-9.8e-05
57.5,3.5,-0.001591
62.5,3.5,-0.006798
67.5,3.5,0.010058
72.5,3.5,0.028222
77.5,3.5,0.002832
82.5,3.5,-0.000317
87.5,3.5,0.005272
-87.5,4.5,-0.027588
-82.5,4.5,0.006106
-77.5,4.5,-0.042076
-72.5,4.5,-0.062128
-67.5,4.5,-0.038837
-62.5,4.5,-0.018437
-57.5,4.5,0.001158
-52.5,4.5,-0.010575
-47.5,4.5,-0.000658
-42.5,4.5,0.002927
-37.5,4.5,-0.017361
-32.5,4.5,-0.013475
-27.5,4.5,-0.003811
-22.5,4.5,-0.006834
-17.5,4.5,-0.009168
-12.5,4.5,-0.006657
-7.5,4.5,-0.008856
-2.5,4.5,-0.001911
2.5,4.5,-0.002568
7.5,4.5,-0.003356
12.5,4.5,-0.007165
17.5,4.5,0.003174
22.5,4.5,0.010073
27.5,4.5,0.014357
32.5,4.5,0.013219
37.5,4.5,0.009354
42.5,4.5,0.009384
47.5,4.5,-0.013642
52.5,4.5,0.004197
57.5,4.5,-0.026597
62.5,4.5,-0.010356
67.5,4.5,-0.004124
72.5,4.5,0.005511
77.5,4.5,0.00879
82.5,4.5,0.080297
87.5,4.5,0.154833
-87.5,5.5,-0.029199
-82.5,5.5,0.007604
-77.5,5.5,0.026204
-72.5,5.5,-0.076569
-67.5,5.5,-0.02185
-62.5,5.5,-0.0255
-57.5,5.5,0.005193
-52.5,5.5,-0.006331
-47.5,5.5,-0.013032
-42.5,5.5,-0.000627
-37.5,5.5,-0.019139
-32.5,5.5,-0.010232
-27.5,5.5,-0.014959
-22.5,5.5,-0.013005
-17.5,5.5,-0.005137
-12.5,5.5,-0.01019
-7.5,5.5,-0.005715
-2.5,5.5,0.000766
2.5,5.5,-0.006222
7.5,5.5,-0.008644
12.5,5.5,-0.000238
17.5,5.5,0.005007
22.5,5.5,0.009626
27.5,5.5,0.010107
32.5,5.5,0.016598
37.5,5.5,0.013938
42.5,5.5,0.003427
47.5,5.5,0.003533
52.5,5.5,-0.028361
57.5,5.5,-0.008337
62.5,5.5,-0.01368
67.5,5.5,0.008729
72.5,5.5,-0.016357
77.5,5.5,0.003775
82.5,5.5,0.048675
87.5,5.5,-0.029387
-87.5,6.5,-0.065312
-82.5,6.5,-0.035867
-77.5,6.5,-0.020993
-72.5,6.5,-0.040208
-67.5,6.5,-0.029339
-62.5,6.5,-0.009734
-57.5,6.5,-0.013926
-52.5,6.5,-0.015621
-47.5,6.5,0.007903
-42.5,6.5,-0.008321
-37.5,6.5,-0.018603
-32.5,6.5,-0.008137
-27.5,6.5,-0.000716
-22.5,6.5,0.005734
-17.5,6.5,-0.012431
-12.5,6.5,-0.008086
-7.5,6.5,-0.002737
-2.5,6.5,-0.000156
2.5,6.5,-0.003629
7.5,6.5,-0.012176
12.5,6.5,-0.004583
17.5,6.5,0.006801
22.5,6.5,0.008254
27.5,6.5,0.014845
32.5,6.5,0.011038
37.5,6.5,0.024499
42.5,6.5,0.009385
47.5,6.5,0.011485
52.5,6.5,-0.025295
57.5,6.5,-0.018713
62.5,6.5,-0.015064
67.5,6.5,-0.022772
72.5,6.5,0.016602
77.5,6.5,0.022217
82.5,6.5,0.049443
87.5,6.5,0.038991
-87.5,7.5,-0.001214
-82.5,7.5,-0.042466
-77.5,7.5,-0.002091
-72.5,7.5,0.011666
-67.5,7.5,-0.03017
-62.5,7.5,-0.012545
-57.5,7.5,-0.000154
-52.5,7.5,0.016757
-47.5,7.5,-0.003293
-42.5,7.5,-0.011641
-37.5,7.5,-0.012984
-32.5,7.5,-0.001059
-27.5,7.5,-0.005986
-22.5,7.5,-0.009493
-17.5,7.5,-0.005562
-12.5,7.5,-0.006338
-7.5,7.5,-0.004353
-2.5,7.5,-0.006421
2.5,7.5,-0.007949
7.5,7.5,-0.001226
12.5,7.5,0.005657
17.5,7.5,0.004492
22.5,7.5,0.016349
27.5,7.5,0.014065
32.5,7.5,0.013686
37.5,7.5,0.012889
42.5,7.5,0.020619
47.5,7.5,0.006336
52.5,7.5,-0.00693
57.5,7.5,0.000463
62.5,7.5,-0.013333
67.5,7.5,-0.026886
72.5,7.5,0.003989
77.5,7.5,0.043083
82.5,7.5,0.032909
87.5,7.5,-0.060208
-87.5,8.5,-0.099868
-82.5,8.5,0.091791
-77.5,8.5,-0.024522
-72.5,8.5,-0.003713
-67.5,8.5,0.022638
-62.5,8.5,-0.013597
-57.5,8.5,0.008627
-52.5,8.5,0.002633
-47.5,8.5,0.001379
-42.5,8.5,-0.015857
-37.5,8.5,-0.013507
-32.5,8.5,-0.015109
-27.5,8.5,-0.007826
-22.5,8.5,-0.010703
-17.5,8.5,0.001051
-12.5,8.5,-0.007407
-7.5,8.5,-0.003503
-2.5,8.5,-0.013756
2.5,8.5,-0.007558
7.5,8.5,-0.008237
12.5,8.5,0.017646
17.5,8.5,0.012335
22.5,8.5,0.007363
27.5,8.5,0.019906
32.5,8.5,0.01914
37.5,8.5,0.009439
42.5,8.5,0.023284
47.5,8.5,0.006864
52.5,8.5,0.012451
57.5,8.5,0.009385
62.5,8.5,0.002557
67.5,8.5,0.001762
72.5,8.5,0.008238
77.5,8.5,0.04372
82.5,8.5,-0.041069
87.5,8.5,-0.037867
-87.5,9.5,0.00993
-82.5,9.5,-0.001534
-77.5,9.5,-0.01801
-72.5,9.5,-0.029368
-67.5,9.5,-0.018313
-62.5,9.5,0.013386
-57.5,9.5,-0.003231
-52.5,9.5,0.020621
-47.5,9.5,-0.00793
-42.5,9.5,-0.024721
-37.5,9.5,-0.013443
-32.5,9.5,-0.010739
-27.5,9.5,-0.011429
-22.5,9.5,-0.009063
-17.5,9.5,-0.002919
-12.5,9.5,-0.008421
-7.5,9.5,-0.001128
-2.5,9.5,-0.0032
2.5,9.5,-0.003339
7.5,9.5,-0.004974
12.5,9.5,0.007621
17.5,9.5,0.013656
22.5,9.5,0.01047
27.5,9.5,0.016089
32.5,9.5,0.017938
37.5,9.5,0.008035
42.5,9.5,0.006425
47.5,9.5,-0.006786
52.5,9.5,0.02537
57.5,9.5,0.003141
62.5,9.5,0.019564
67.5,9.5,-0.015531
72.5,9.5,-0.037351
77.5,9.5,0.000883
82.5,9.5,-0.019123
87.5,9.5,0.092275
-87.5,10.5,-0.028051
-82.5,10.5,0.016067
-77.5,10.5,-0.014175
-72.5,10.5,0.016566
-67.5,10.5,0.025116
-62.5,10.5,0.026473
-57.5,10.5,0.001673
-52.5,10.5,-0.013345
-47.5,10.5,-0.012727
-42.5,10.5,-0.023197
-37.5,10.5,-0.01445
-32.5,10.5,-0.000926
-27.5,10.5,-0.008546
-22.5,10.5,-0.002644
-17.5,10.5,-0.01005
-12.5,10.5,-0.006378
-7.5,10.5,-0.013
-2.5,10.5,-0.010484
2.5,10.5,0.000673
7.5,10.5,-0.004368
12.5,10.5,0.008379
17.5,10.5,0.011058
22.5,10.5,0.015425
27.5,10.5,0.014175
32.5,10.5,0.007656
37.5,10.5,0.009872
42.5,10.5,0.025009
47.5,10.5,0.015329
52.5,10.5,0.006006
57.5,10.5,0.005085
62.5,10.5,-0.009923
67.5,10.5,-0.038552
72.5,10.5,0.024052
77.5,10.5,-0.007707
82.5,10.5,-0.063692
87.5,10.5,-0.018693
-87.5,11.5,0.062482
-82.5,11.5,0.034357
-77.5,11.5,-0.064382
-72.5,11.5,0.011367
-67.5,11.5,0.017756
-62.5,11.5,0.025272
-57.5,11.5,0.009026
-52.5,11.5,-0.0035
-47.5,11.5,-0.004288
-42.5,11.5,-0.02272
-37.5,11.5,-0.026361
-32.5,11.5,-0.021201
-27.5,11.5,-0.010746
-22.5,11.5,-0.006133
-17.5,11.5,-0.005494
-12.5,11.5,-0.006327
-7.5,11.5,-0.020617
-2.5,11.5,-0.001784
2.5,11.5,0.001845
7.5,11.5,0.011248
12.5,11.5,0.012459
17.5,11.5,0.01382
22.5,11.5,0.019619
27.5,11.5,0.015767
32.5,11.5,0.003589
37.5,11.5,0.006261
42.5,11.5,0.009698
47.5,11.5,0.01413
52.5,11.5,0.019529
57.5,11.5,-0.014002
62.5,11.5,-0.022638
67.5,11.5,-0.024364
72.5,11.5,-0.053523
77.5,11.5,-0.079784
82.5,11.5,-0.038253
87.5,11.5,-0.095147
-87.5,12.5,0.005326
-82.5,12.5,-0.073021
-77.5,12.5,0.004067
-72.5,12.5,-0.004949
-67.5,12.5,-0.024983
-62.5,12.5,0.011883
-57.5,12.5,0.015846
-52.5,12.5,-0.000786
-47.5,12.5,-0.027141
-42.5,12.5,-0.021781
-37.5,12.5,-0.020625
-32.5,12.5,-0.032204
-27.5,12.5,-0.012034
-22.5,12.5,-0.011235
-17.5,12.5,-0.001013
-12.5,12.5,-0.014789
-7.5,12.5,-0.013367
-2.5,12.5,-0.00118
2.5,12.5,-0.000522
7.5,12.5,0.012821
12.5,12.5,0.014469
17.5,12.5,0.020465
22.5,12.5,0.01659
27.5,12.5,0.019556
32.5,12.5,0.005197
37.5,12.5,-0.003437
42.5,12.5,0.007539
47.5,12.5,0.01819
52.5,12.5,0.046674
57.5,12.5,-0.002413
62.5,12.5,-0.017333
67.5,12.5,-0.01059
72.5,12.5,-0.009642
77.5,12.5,-0.055791
82.5,12.5,-0.004084
87.5,12.5,-0.107639
-87.5,13.5,0.082448
-82.5,13.5,-0.065597
-77.5,13.5,0.0311
-72.5,13.5,0.028963
-67.5,13.5,-0.021233
-62.5,13.5,-0.032915
-57.5,13.5,-0.031676
-52.5,13.5,-0.014408
-47.5,13.5,-0.011194
-42.5,13.5,-0.008918
-37.5,13.5,-0.017792
-32.5,13.5,-0.024812
-27.5,13.5,-0.01517
-22.5,13.5,-0.003355
-17.5,13.5,-0.008084
-12.5,13.5,-0.005706
-7.5,13.5,-0.008613
-2.5,13.5,-0.004793
2.5,13.5,0.007222
7.5,13.5,0.023669
12.5,13.5,0.019239
17.5,13.5,0.019909
22.5,13.5,0.027018
27.5,13.5,0.005665
32.5,13.5,0.02251
37.5,13.5,0.013075
42.5,13.5,0.026008
47.5,13.5,0.03586
52.5,13.5,0.035052
57.5,13.5,0.031008
62.5,13.5,0.003229
67.5,13.5,-0.024575
72.5,13.5,-0.018952
77.5,13.5,0.040576
82.5,13.5,0.019086
87.5,13.5,-0.054602
-87.5,14.5,0.043454
-82.5,14.5,-0.051253
-77.5,14.5,0.037341
-72.5,14.5,0.008195
-67.5,14.5,-0.034663
-62.5,14.5,-0.052594
-57.5,14.5,-0.02035
-52.5,14.5,-0.014803
-47.5,14.5,-0.008246
-42.5,14.5,-0.010345
-37.5,14.5,-0.022794
-32.5,14.5,-0.017253
-27.5,14.5,-0.014326
-22.5,14.5,-0.003051
-17.5,14.5,-0.008292
-12.5,14.5,-0.010359
-7.5,14.5,0.000594
-2.5,14.5,-0.004262
2.5,14.5,0.006895
7.5,14.5,0.011878
12.5,14.5,0.02374
17.5,14.5,0.02551
22.5,14.5,0.023295
27.5,14.5,0.01756
32.5,14.5,0.014903
37.5,14.5,0.02481
42.5,14.5,0.037169
47.5,14.5,0.032776
52.5,14.5,-0.00044
57.5,14.5,-0.007124
62.5,14.5,-0.004922
67.5,14.5,-0.028118
72.5,14.5,0.002806
77.5,14.5,0.045321
82.5,14.5,0.032098
87.5,14.5,0.127976
-87.5,15.5,-0.126969
-82.5,15.5,-0.007761
-77.5,15.5,0.010181
-72.5,15.5,-0.042038
-67.5,15.5,0.000333
-62.5,15.5,-0.042246
-57.5,15.5,0.009096
-52.5,15.5,-0.006657
-47.5,15.5,-0.023642
-42.5,15.5,-0.023865
-37.5,15.5,-0.011276
-32.5,15.5,-0.018783
-27.5,15.5,-0.018361
-22.5,15.5,-0.016068
-17.5,15.5,-0.014082
-12.5,15.5,-0.015273
-7.5,15.5,0.002933
-2.5,15.5,0.008267
2.5,15.5,0.017447
7.5,15.5,0.023125
12.5,15.5,0.035916
17.5,15.5,0.026301
22.5,15.5,0.030275
27.5,15.5,0.01698
32.5,15.5,0.007739
37.5,15.5,0.019267
42.5,15.5,0.002627
47.5,15.5,0.010042
52.5,15.5,0.004407
57.5,15.5,0.007228
62.5,15.5,0.011886
67.5,15.5,-0.040222
72.5,15.5,0.012804
77.5,15.5,0.013969
82.5,15.5,0.015741
87.5,15.5,0.001334
-87.5,16.5,-0.045125
-82.5,16.5,0.022754
-77.5,16.5,0.068591
-72.5,16.5,-0.057278
-67.5,16.5,-0.044623
-62.5,16.5,-0.039325
-57.5,16.5,0.000841
-52.5,16.5,-0.004439
-47.5,16.5,-0.018834
-42.5,16.5,-0.011981
-37.5,16.5,-0.015116
-32.5,16.5,-0.01322
-27.5,16.5,-0.014586
-22.5,16.5,-0.021983
-17.5,16.5,-0.013231
-12.5,16.5,0.000478
-7.5,16.5,-0.00538
-2.5,16.5,0.008961
2.5,16.5,0.010518
7.5,16.5,0.031678
12.5,16.5,0.029995
17.5,16.5,0.028576
22.5,16.5,0.019937
27.5,16.5,0.02235
32.5,16.5,0.013733
37.5,16.5,0.022117
42.5,16.5,0.009936
47.5,16.5,0.010335
52.5,16.5,0.030823
57.5,16.5,0.028328
62.5,16.5,-0.054737
67.5,16.5,-0.051284
72.5,16.5,-0.008591
77.5,16.5,-0.026337
82.5,16.5,-0.013573
87.5,16.5,-0.02041
-87.5,17.5,0.045686
-82.5,17.5,-0.026056
-77.5,17.5,-0.033425
-72.5,17.5,0.007489
-67.5,17.5,-0.031433
-62.5,17.5,-0.019562
-57.5,17.5,-0.035859
-52.5,17.5,-0.051008
-47.5,17.5,-0.012709
-42.5,17.5,-0.015277
-37.5,17.5,-0.00384
-32.5,17.5,-0.01331
-27.5,17.5,-0.025927
-22.5,17.5,-0.026367
-17.5,17.5,-0.019716
-12.5,17.5,-0.004048
-7.5,17.5,0.002071
-2.5,17.5,0.008148
2.5,17.5,0.019775
7.5,17.5,0.030921
12.5,17.5,0.030421
17.5,17.5,0.035242
22.5,17.5,0.017608
27.5,17.5,0.012293
32.5,17.5,0.019172
37.5,17.5,0.015512
42.5,17.5,-0.008208
47.5,17.5,-0.003286
52.5,17.5,0.03457
57.5,17.5,0.000918
62.5,17.5,-0.009024
67.5,17.5,-0.037366
72.5,17.5,-0.025002
77.5,17.5,-0.044722
82.5,17.5,0.008729
87.5,17.5,0.027717
-87.5,18.5,-0.024516
-82.5,18.5,-0.039416
-77.5,18.5,-0.090936
-72.5,18.5,-0.013204
-67.5,18.5,-0.12067
-62.5,18.5,-0.020539
-57.5,18.5,-0.035213
-52.5,18.5,-0.048706
-47.5,18.5,-0.022619
-42.5,18.5,-0.009431
-37.5,18.5,-0.017191
-32.5,18.5,-0.005992
-27.5,18.5,-0.023474
-22.5,18.5,-0.026532
-17.5,18.5,-0.031593
-12.5,18.5,-0.001167
-7.5,18.5,0.00623
-2.5,18.5,0.007686
2.5,18.5,0.012442
7.5,18.5,0.024425
12.5,18.5,0.031042
17.5,18.5,0.037978
22.5,18.5,0.01807
27.5,18.5,0.019471
32.5,18.5,0.020934
37.5,18.5,0.017823
42.5,18.5,0.00816
47.5,18.5,-0.005587
52.5,18.5,0.017497
57.5,18.5,0.007838
62.5,18.5,-0.003455
67.5,18.5,-0.004844
72.5,18.5,-0.024215
77.5,18.5,-0.027246
82.5,18.5,-0.00999
87.5,18.5,0.04365
-87.5,19.5,0.006292
-82.5,19.5,0.012829
-77.5,19.5,-0.108069
-72.5,19.5,-0.134194
-67.5,19.5,0.008809
-62.5,19.5,-0.012317
-57.5,19.5,-0.067378
-52.5,19.5,-0.053039
-47.5,19.5,-0.026201
-42.5,19.5,-0.021262
-37.5,19.5,-0.014236
-32.5,19.5,-0.028912
-27.5,19.5,-0.014529
-22.5,19.5,-0.01504
-17.5,19.5,-0.01343
-12.5,19.5,-0.003654
-7.5,19.5,0.000659
-2.5,19.5,0.015252
2.5,19.5,0.020033
7.5,19.5,0.017776
12.5,19.5,0.032295
17.5,19.5,0.023739
22.5,19.5,0.026808
27.5,19.5,0.038302
32.5,19.5,0.017389
37.5,19.5,0.015849
42.5,19.5,0.012251
47.5,19.5,-0.000534
52.5,19.5,-0.007267
57.5,19.5,0.009914
62.5,19.5,0.015413
67.5,19.5,-0.02803
72.5,19.5,-0.058128
77.5,19.5,-0.04934
82.5,19.5,-0.157046
87.5,19.5,-0.033256
