latitude_deg,altitude,mean_qp
-85.3633361111111,0.4999999999999931,
-80.44400833333333,0.4999999999999931,0.00069928
-75.52468055555556,0.4999999999999931,0.0006591055000000001
-70.60535277777777,0.4999999999999931,0.000671227
-65.686025,0.4999999999999931,0.000693305
-60.76669722222222,0.4999999999999931,0.0006901415
-55.84736944444444,0.4999999999999931,0.0007005273333333333
-50.928041666666665,0.4999999999999931,0.0006806761111111112
-46.008713888888884,0.4999999999999931,0.0006988782500000001
-41.08938611111111,0.4999999999999931,0.000699173
-36.17005833333333,0.4999999999999931,0.0006697494000000001
-31.250730555555556,0.4999999999999931,0.0007076723999999999
-26.331402777777775,0.4999999999999931,0.0006954967857142857
-21.412075,0.4999999999999931,0.0007072500000000001
-16.492747222222228,0.4999999999999931,0.000700168
-11.573419444444447,0.4999999999999931,0.000697773909090909
-6.654091666666666,0.4999999999999931,0.0007010642857142857
-1.7347638888888852,0.4999999999999931,0.0006995682222222221
3.1845638888888885,0.4999999999999931,0.0006847795384615384
8.103891666666662,0.4999999999999931,0.0006995605454545455
13.023219444444443,0.4999999999999931,0.0006953138333333334
17.942547222222217,0.4999999999999931,0.0006924841999999999
22.86187499999999,0.4999999999999931,0.0006962941176470588
27.78120277777777,0.4999999999999931,0.0007090296363636364
32.70053055555555,0.4999999999999931,0.0006948010833333334
37.61985833333333,0.4999999999999931,0.0006863678571428571
42.53918611111111,0.4999999999999931,0.0007016033333333335
47.458513888888874,0.4999999999999931,0.0006915551428571428
52.377841666666654,0.4999999999999931,0.000674193
57.297169444444435,0.4999999999999931,0.0006871450000000001
62.216497222222216,0.4999999999999931,0.0006634373333333334
67.135825,0.4999999999999931,0.000677305
72.05515277777776,0.4999999999999931,0.000677843
76.97448055555554,0.4999999999999931,
81.89380833333333,0.4999999999999931,
86.8131361111111,0.4999999999999931,0.000670976
-85.3633361111111,1.4999999999999936,
-80.44400833333333,1.4999999999999936,
-75.52468055555556,1.4999999999999936,
-70.60535277777777,1.4999999999999936,0.000689841
-65.686025,1.4999999999999936,0.000692694
-60.76669722222222,1.4999999999999936,0.000696885
-55.84736944444444,1.4999999999999936,0.0006954086666666666
-50.928041666666665,1.4999999999999936,0.000691571
-46.008713888888884,1.4999999999999936,0.0006975372500000001
-41.08938611111111,1.4999999999999936,0.0007066675714285715
-36.17005833333333,1.4999999999999936,0.0007076661250000001
-31.250730555555556,1.4999999999999936,0.000700539
-26.331402777777775,1.4999999999999936,0.0007057986666666665
-21.412075,1.4999999999999936,0.0007008060714285714
-16.492747222222228,1.4999999999999936,0.0007107814615384616
-11.573419444444447,1.4999999999999936,0.0007177441666666667
-6.654091666666666,1.4999999999999936,0.0007165021052631579
-1.7347638888888852,1.4999999999999936,0.0007099214285714285
3.1845638888888885,1.4999999999999936,0.0007037224285714285
8.103891666666662,1.4999999999999936,0.0007007801666666667
13.023219444444443,1.4999999999999936,0.0007078556249999999
17.942547222222217,1.4999999999999936,0.0007002606666666666
22.86187499999999,1.4999999999999936,0.0007068174444444445
27.78120277777777,1.4999999999999936,0.0007108234000000001
32.70053055555555,1.4999999999999936,0.0007004772
37.61985833333333,1.4999999999999936,0.0007041677
42.53918611111111,1.4999999999999936,0.0006909728571428571
47.458513888888874,1.4999999999999936,0.0006955116
52.377841666666654,1.4999999999999936,0.0006964556666666667
57.297169444444435,1.4999999999999936,0.0006806041666666667
62.216497222222216,1.4999999999999936,0.0006935735
67.135825,1.4999999999999936,0.0006833893333333332
72.05515277777776,1.4999999999999936,0.000679117
76.97448055555554,1.4999999999999936,0.000689671
81.89380833333333,1.4999999999999936,
86.8131361111111,1.4999999999999936,
-85.3633361111111,2.499999999999994,0.0006893345
-80.44400833333333,2.499999999999994,
-75.52468055555556,2.499999999999994,0.000694752
-70.60535277777777,2.499999999999994,0.0006885175
-65.686025,2.499999999999994,
-60.76669722222222,2.499999999999994,0.0006910795
-55.84736944444444,2.499999999999994,0.0006994155714285715
-50.928041666666665,2.499999999999994,0.0006903336666666668
-46.008713888888884,2.499999999999994,0.0007061935555555555
-41.08938611111111,2.499999999999994,0.00070897375
-36.17005833333333,2.499999999999994,0.0007066572499999999
-31.250730555555556,2.499999999999994,0.0007071573
-26.331402777777775,2.499999999999994,0.0007045691666666666
-21.412075,2.499999999999994,0.0007065558125
-16.492747222222228,2.499999999999994,0.0007157275625000002
-11.573419444444447,2.499999999999994,0.0007203614285714287
-6.654091666666666,2.499999999999994,0.0007165237272727273
-1.7347638888888852,2.499999999999994,0.0007170854285714287
3.1845638888888885,2.499999999999994,0.0007117946363636365
8.103891666666662,2.499999999999994,0.0007157589090909091
13.023219444444443,2.499999999999994,0.0007132176363636364
17.942547222222217,2.499999999999994,0.0007099464
22.86187499999999,2.499999999999994,0.0007024008333333334
27.78120277777777,2.499999999999994,0.0007086757692307693
32.70053055555555,2.499999999999994,0.0007100915714285714
37.61985833333333,2.499999999999994,0.0007066952499999999
42.53918611111111,2.499999999999994,0.000703666875
47.458513888888874,2.499999999999994,0.0007004924999999999
52.377841666666654,2.499999999999994,0.0006868308333333333
57.297169444444435,2.499999999999994,0.0006889406666666666
62.216497222222216,2.499999999999994,0.0007009106666666667
67.135825,2.499999999999994,
72.05515277777776,2.499999999999994,0.000652515
76.97448055555554,2.499999999999994,0.000700223
81.89380833333333,2.499999999999994,0.000689579
86.8131361111111,2.499999999999994,
-85.3633361111111,3.4999999999999947,
-80.44400833333333,3.4999999999999947,0.000689011
-75.52468055555556,3.4999999999999947,0.000697708
-70.60535277777777,3.4999999999999947,0.0006942615
-65.686025,3.4999999999999947,0.000696036
-60.76669722222222,3.4999999999999947,0.000693037
-55.84736944444444,3.4999999999999947,0.0006989333333333333
-50.928041666666665,3.4999999999999947,0.0007047976666666667
-46.008713888888884,3.4999999999999947,0.000704008125
-41.08938611111111,3.4999999999999947,0.0007063834
-36.17005833333333,3.4999999999999947,0.000705055
-31.250730555555556,3.4999999999999947,0.0007117310000000001
-26.331402777777775,3.4999999999999947,0.0007123084545454547
-21.412075,3.4999999999999947,0.0007139094285714287
-16.492747222222228,3.4999999999999947,0.0007141751764705882
-11.573419444444447,3.4999999999999947,0.0007168568125000001
-6.654091666666666,3.4999999999999947,0.0007102750909090908
-1.7347638888888852,3.4999999999999947,0.0007165958823529411
3.1845638888888885,3.4999999999999947,0.0007181925833333333
8.103891666666662,3.4999999999999947,0.0007151605294117647
13.023219444444443,3.4999999999999947,0.0007128714736842106
17.942547222222217,3.4999999999999947,0.0007127931249999998
22.86187499999999,3.4999999999999947,0.0007121184615384615
27.78120277777777,3.4999999999999947,0.0007078289411764706
32.70053055555555,3.4999999999999947,0.0007095013999999999
37.61985833333333,3.4999999999999947,0.000703196
42.53918611111111,3.4999999999999947,0.0007076949999999999
47.458513888888874,3.4999999999999947,0.0007058185
52.377841666666654,3.4999999999999947,
57.297169444444435,3.4999999999999947,0.0006940563333333333
62.216497222222216,3.4999999999999947,0.000687801
67.135825,3.4999999999999947,
72.05515277777776,3.4999999999999947,
76.97448055555554,3.4999999999999947,
81.89380833333333,3.4999999999999947,
86.8131361111111,3.4999999999999947,
-85.3633361111111,4.499999999999995,0.000687504
-80.44400833333333,4.499999999999995,0.0006913955
-75.52468055555556,4.499999999999995,
-70.60535277777777,4.499999999999995,
-65.686025,4.499999999999995,0.0006888555
-60.76669722222222,4.499999999999995,0.0006999969999999999
-55.84736944444444,4.499999999999995,0.00070133
-50.928041666666665,4.499999999999995,0.000701089
-46.008713888888884,4.499999999999995,0.0007056212
-41.08938611111111,4.499999999999995,0.0006997220000000001
-36.17005833333333,4.499999999999995,0.0007105274
-31.250730555555556,4.499999999999995,0.0007134087777777778
-26.331402777777775,4.499999999999995,0.0007152442500000001
-21.412075,4.499999999999995,0.0007151625333333334
-16.492747222222228,4.499999999999995,0.0007179429999999999
-11.573419444444447,4.499999999999995,0.0007149498750000001
-6.654091666666666,4.499999999999995,0.0007178529230769231
-1.7347638888888852,4.499999999999995,0.000715888380952381
3.1845638888888885,4.499999999999995,0.0007158556874999999
8.103891666666662,4.499999999999995,0.0007198183333333333
13.023219444444443,4.499999999999995,0.0007159831874999999
17.942547222222217,4.499999999999995,0.0007121156428571428
22.86187499999999,4.499999999999995,0.0007115275000000001
27.78120277777777,4.499999999999995,0.0007119101538461538
32.70053055555555,4.499999999999995,0.0007050705714285715
37.61985833333333,4.499999999999995,0.0007091649090909092
42.53918611111111,4.499999999999995,0.0007045869999999999
47.458513888888874,4.499999999999995,0.000703373
52.377841666666654,4.499999999999995,0.00068871475
57.297169444444435,4.499999999999995,0.0006906263333333333
62.216497222222216,4.499999999999995,
67.135825,4.499999999999995,0.000688098
72.05515277777776,4.499999999999995,0.0006877345
76.97448055555554,4.499999999999995,0.000694002
81.89380833333333,4.499999999999995,0.000686342
86.8131361111111,4.499999999999995,0.000680454
-85.3633361111111,5.499999999999995,
-80.44400833333333,5.499999999999995,0.000683055
-75.52468055555556,5.499999999999995,
-70.60535277777777,5.499999999999995,0.000692318
-65.686025,5.499999999999995,
-60.76669722222222,5.499999999999995,0.0006967133333333333
-55.84736944444444,5.499999999999995,0.0006867155
-50.928041666666665,5.499999999999995,0.0007036647499999999
-46.008713888888884,5.499999999999995,0.0007085042500000001
-41.08938611111111,5.499999999999995,0.0007029058333333334
-36.17005833333333,5.499999999999995,0.000709959125
-31.250730555555556,5.499999999999995,0.0007140926
-26.331402777777775,5.499999999999995,0.0007157629999999999
-21.412075,5.499999999999995,0.0007155976666666667
-16.492747222222228,5.499999999999995,0.0007175538666666667
-11.573419444444447,5.499999999999995,0.0007164165714285713
-6.654091666666666,5.499999999999995,0.0007175264736842104
-1.7347638888888852,5.499999999999995,0.0007188117272727273
3.1845638888888885,5.499999999999995,0.0007143650833333334
8.103891666666662,5.499999999999995,0.0007166791
13.023219444444443,5.499999999999995,0.0007180205
17.942547222222217,5.499999999999995,0.0007150011538461539
22.86187499999999,5.499999999999995,0.0007128658000000001
27.78120277777777,5.499999999999995,0.0007105060000000001
32.70053055555555,5.499999999999995,0.0007081889
37.61985833333333,5.499999999999995,0.0007090207999999999
42.53918611111111,5.499999999999995,0.000707713875
47.458513888888874,5.499999999999995,0.0007017309999999999
52.377841666666654,5.499999999999995,0.0006984051428571427
57.297169444444435,5.499999999999995,0.0006969715
62.216497222222216,5.499999999999995,0.0006946525
67.135825,5.499999999999995,0.000695241
72.05515277777776,5.499999999999995,0.0006910309999999999
76.97448055555554,5.499999999999995,
81.89380833333333,5.499999999999995,0.000686417
86.8131361111111,5.499999999999995,
-85.3633361111111,6.4999999999999964,0.000689677
-80.44400833333333,6.4999999999999964,
-75.52468055555556,6.4999999999999964,
-70.60535277777777,6.4999999999999964,0.000685362
-65.686025,6.4999999999999964,
-60.76669722222222,6.4999999999999964,0.0006986456666666667
-55.84736944444444,6.4999999999999964,0.0006930082
-50.928041666666665,6.4999999999999964,0.0007050975000000001
-46.008713888888884,6.4999999999999964,0.000702934
-41.08938611111111,6.4999999999999964,0.0007059862222222222
-36.17005833333333,6.4999999999999964,0.0007104366363636364
-31.250730555555556,6.4999999999999964,0.0007113087647058823
-26.331402777777775,6.4999999999999964,0.0007166412
-21.412075,6.4999999999999964,0.0007154137777777777
-16.492747222222228,6.4999999999999964,0.0007186131999999997
-11.573419444444447,6.4999999999999964,0.00071716375
-6.654091666666666,6.4999999999999964,0.0007168424999999999
-1.7347638888888852,6.4999999999999964,0.000717133411764706
3.1845638888888885,6.4999999999999964,0.0007153052499999999
8.103891666666662,6.4999999999999964,0.0007158987857142856
13.023219444444443,6.4999999999999964,0.0007183096666666666
17.942547222222217,6.4999999999999964,0.0007161233750000001
22.86187499999999,6.4999999999999964,0.0007148612
27.78120277777777,6.4999999999999964,0.00071290625
32.70053055555555,6.4999999999999964,0.0007083765
37.61985833333333,6.4999999999999964,0.0007077934999999999
42.53918611111111,6.4999999999999964,0.0007059335
47.458513888888874,6.4999999999999964,0.0006977004
52.377841666666654,6.4999999999999964,0.00070138975
57.297169444444435,6.4999999999999964,0.00069358125
62.216497222222216,6.4999999999999964,0.000690824
67.135825,6.4999999999999964,0.000693273
72.05515277777776,6.4999999999999964,
76.97448055555554,6.4999999999999964,0.000688927
81.89380833333333,6.4999999999999964,0.000683164
86.8131361111111,6.4999999999999964,0.00067629
-85.3633361111111,7.4999999999999964,
-80.44400833333333,7.4999999999999964,0.0006895594999999999
-75.52468055555556,7.4999999999999964,0.000697986
-70.60535277777777,7.4999999999999964,0.000682986
-65.686025,7.4999999999999964,0.000692256
-60.76669722222222,7.4999999999999964,0.0007004743333333335
-55.84736944444444,7.4999999999999964,0.0006995572857142857
-50.928041666666665,7.4999999999999964,0.0007007584
-46.008713888888884,7.4999999999999964,0.0007060515714285714
-41.08938611111111,7.4999999999999964,0.0007077812857142857
-36.17005833333333,7.4999999999999964,0.0007134005000000001
-31.250730555555556,7.4999999999999964,0.0007129989090909092
-26.331402777777775,7.4999999999999964,0.0007161225454545456
-21.412075,7.4999999999999964,0.0007173185555555557
-16.492747222222228,7.4999999999999964,0.0007180502857142857
-11.573419444444447,7.4999999999999964,0.0007183169333333332
-6.654091666666666,7.4999999999999964,0.0007188656428571428
-1.7347638888888852,7.4999999999999964,0.0007185651764705883
3.1845638888888885,7.4999999999999964,0.000718918125
8.103891666666662,7.4999999999999964,0.0007186117272727273
13.023219444444443,7.4999999999999964,0.0007160940000000001
17.942547222222217,7.4999999999999964,0.0007157385333333333
22.86187499999999,7.4999999999999964,0.0007152373333333333
27.78120277777777,7.4999999999999964,0.0007152062857142858
32.70053055555555,7.4999999999999964,0.0007112479166666665
37.61985833333333,7.4999999999999964,0.0007107638333333334
42.53918611111111,7.4999999999999964,0.0007044268
47.458513888888874,7.4999999999999964,0.0007017681666666667
52.377841666666654,7.4999999999999964,0.000704189
57.297169444444435,7.4999999999999964,0.0006954649999999999
62.216497222222216,7.4999999999999964,0.0006980420000000001
67.135825,7.4999999999999964,0.000689232
72.05515277777776,7.4999999999999964,0.0006934210000000001
76.97448055555554,7.4999999999999964,0.000700126
81.89380833333333,7.4999999999999964,
86.8131361111111,7.4999999999999964,0.000680753
-85.3633361111111,8.499999999999996,
-80.44400833333333,8.499999999999996,0.000695662
-75.52468055555556,8.499999999999996,0.0006954746666666666
-70.60535277777777,8.499999999999996,
-65.686025,8.499999999999996,0.0006971349999999999
-60.76669722222222,8.499999999999996,0.000693544
-55.84736944444444,8.499999999999996,0.0007002318
-50.928041666666665,8.499999999999996,0.0007030283333333333
-46.008713888888884,8.499999999999996,0.0007083486
-41.08938611111111,8.499999999999996,0.0007136233750000001
-36.17005833333333,8.499999999999996,0.0007108787999999999
-31.250730555555556,8.499999999999996,0.00071476
-26.331402777777775,8.499999999999996,0.0007180567333333332
-21.412075,8.499999999999996,0.0007180956
-16.492747222222228,8.499999999999996,0.0007180474
-11.573419444444447,8.499999999999996,0.0007186486666666666
-6.654091666666666,8.499999999999996,0.0007185857272727272
-1.7347638888888852,8.499999999999996,0.0007180288461538461
3.1845638888888885,8.499999999999996,0.0007185375263157893
8.103891666666662,8.499999999999996,0.0007184603846153845
13.023219444444443,8.499999999999996,0.0007169822857142858
17.942547222222217,8.499999999999996,0.0007146982857142858
22.86187499999999,8.499999999999996,0.0007157691249999999
27.78120277777777,8.499999999999996,0.0007139817857142859
32.70053055555555,8.499999999999996,0.0007094411111111111
37.61985833333333,8.499999999999996,0.0007101965384615384
42.53918611111111,8.499999999999996,0.0007073629166666666
47.458513888888874,8.499999999999996,0.0006998251666666667
52.377841666666654,8.499999999999996,0.0007033934
57.297169444444435,8.499999999999996,0.00069711
62.216497222222216,8.499999999999996,0.0006965039999999999
67.135825,8.499999999999996,0.00069091
72.05515277777776,8.499999999999996,0.000693649
76.97448055555554,8.499999999999996,0.000697285
81.89380833333333,8.499999999999996,0.000687604
86.8131361111111,8.499999999999996,
-85.3633361111111,9.499999999999996,
-80.44400833333333,9.499999999999996,
-75.52468055555556,9.499999999999996,0.000692389
-70.60535277777777,9.499999999999996,0.00069865
-65.686025,9.499999999999996,0.0007018915
-60.76669722222222,9.499999999999996,0.000696738
-55.84736944444444,9.499999999999996,0.0007028198
-50.928041666666665,9.499999999999996,0.0007002326666666666
-46.008713888888884,9.499999999999996,0.0007071256428571429
-41.08938611111111,9.499999999999996,0.0007092822727272727
-36.17005833333333,9.499999999999996,0.0007112658461538463
-31.250730555555556,9.499999999999996,0.0007134412999999999
-26.331402777777775,9.499999999999996,0.0007167606666666666
-21.412075,9.499999999999996,0.0007175636666666667
-16.492747222222228,9.499999999999996,0.000719326
-11.573419444444447,9.499999999999996,0.0007197953333333333
-6.654091666666666,9.499999999999996,0.0007205602777777777
-1.7347638888888852,9.499999999999996,0.000718643
3.1845638888888885,9.499999999999996,0.0007195492000000001
8.103891666666662,9.499999999999996,0.0007199482307692309
13.023219444444443,9.499999999999996,0.0007205058461538462
17.942547222222217,9.499999999999996,0.0007173247272727272
22.86187499999999,9.499999999999996,0.0007170990769230769
27.78120277777777,9.499999999999996,0.0007180648333333334
32.70053055555555,9.499999999999996,0.0007122964545454546
37.61985833333333,9.499999999999996,0.0007108101818181819
42.53918611111111,9.499999999999996,0.0007038415
47.458513888888874,9.499999999999996,0.0007064398333333333
52.377841666666654,9.499999999999996,0.000702458
57.297169444444435,9.499999999999996,0.0006981548
62.216497222222216,9.499999999999996,0.000700074
67.135825,9.499999999999996,
72.05515277777776,9.499999999999996,0.00068205
76.97448055555554,9.499999999999996,0.0006927773333333334
81.89380833333333,9.499999999999996,
86.8131361111111,9.499999999999996,0.0006885554999999999
-85.3633361111111,10.499999999999996,
-80.44400833333333,10.499999999999996,0.000679608
-75.52468055555556,10.499999999999996,0.000693781
-70.60535277777777,10.499999999999996,0.0006935445
-65.686025,10.499999999999996,
-60.76669722222222,10.499999999999996,0.000700938
-55.84736944444444,10.499999999999996,0.0007055939999999999
-50.928041666666665,10.499999999999996,0.0007053189
-46.008713888888884,10.499999999999996,0.0007122725000000001
-41.08938611111111,10.499999999999996,0.0007100287142857144
-36.17005833333333,10.499999999999996,0.0007134314000000001
-31.250730555555556,10.499999999999996,0.0007140850909090911
-26.331402777777775,10.499999999999996,0.0007188997272727273
-21.412075,10.499999999999996,0.0007186399999999998
-16.492747222222228,10.499999999999996,0.0007198985384615386
-11.573419444444447,10.499999999999996,0.0007196642
-6.654091666666666,10.499999999999996,0.0007209332857142858
-1.7347638888888852,10.499999999999996,0.0007204466
3.1845638888888885,10.499999999999996,0.0007194957692307694
8.103891666666662,10.499999999999996,0.0007227183749999999
13.023219444444443,10.499999999999996,0.0007195959230769231
17.942547222222217,10.499999999999996,0.000718787
22.86187499999999,10.499999999999996,0.0007161942727272728
27.78120277777777,10.499999999999996,0.0007168664545454547
32.70053055555555,10.499999999999996,0.0007134052
37.61985833333333,10.499999999999996,0.00071124625
42.53918611111111,10.499999999999996,0.000710772857142857
47.458513888888874,10.499999999999996,0.0007077473333333334
52.377841666666654,10.499999999999996,0.0007040048
57.297169444444435,10.499999999999996,0.0006996826
62.216497222222216,10.499999999999996,0.0006969175
67.135825,10.499999999999996,0.0006967329999999999
72.05515277777776,10.499999999999996,0.0006966785
76.97448055555554,10.499999999999996,
81.89380833333333,10.499999999999996,0.000697687
86.8131361111111,10.499999999999996,
-85.3633361111111,11.499999999999998,
-80.44400833333333,11.499999999999998,0.00069144
-75.52468055555556,11.499999999999998,0.000691865
-70.60535277777777,11.499999999999998,0.0006918695
-65.686025,11.499999999999998,0.0006968768749999999
-60.76669722222222,11.499999999999998,0.0007035780000000001
-55.84736944444444,11.499999999999998,0.000702337
-50.928041666666665,11.499999999999998,0.0007052734999999999
-46.008713888888884,11.499999999999998,0.0007088602499999999
-41.08938611111111,11.499999999999998,0.0007123425000000001
-36.17005833333333,11.499999999999998,0.0007149544
-31.250730555555556,11.499999999999998,0.0007137784615384615
-26.331402777777775,11.499999999999998,0.0007198289166666667
-21.412075,11.499999999999998,0.0007186826874999999
-16.492747222222228,11.499999999999998,0.0007213623636363637
-11.573419444444447,11.499999999999998,0.0007198307142857144
-6.654091666666666,11.499999999999998,0.0007211154705882354
-1.7347638888888852,11.499999999999998,0.0007219650000000001
3.1845638888888885,11.499999999999998,0.0007203441333333332
8.103891666666662,11.499999999999998,0.0007202928888888889
13.023219444444443,11.499999999999998,0.0007206855
17.942547222222217,11.499999999999998,0.0007189478124999997
22.86187499999999,11.499999999999998,0.0007184808
27.78120277777777,11.499999999999998,0.0007157070000000001
32.70053055555555,11.499999999999998,0.0007136697857142857
37.61985833333333,11.499999999999998,0.0007137115555555557
42.53918611111111,11.499999999999998,0.0007107291666666667
47.458513888888874,11.499999999999998,0.0007075749
52.377841666666654,11.499999999999998,0.0007026906666666666
57.297169444444435,11.499999999999998,0.000701715
62.216497222222216,11.499999999999998,0.000696112
67.135825,11.499999999999998,0.0006985125
72.05515277777776,11.499999999999998,0.0006890259999999999
76.97448055555554,11.499999999999998,0.000688508
81.89380833333333,11.499999999999998,
86.8131361111111,11.499999999999998,
-85.3633361111111,12.499999999999998,0.000691009
-80.44400833333333,12.499999999999998,
-75.52468055555556,12.499999999999998,
-70.60535277777777,12.499999999999998,0.000697726
-65.686025,12.499999999999998,0.000701311
-60.76669722222222,12.499999999999998,0.0007045854999999999
-55.84736944444444,12.499999999999998,0.0007085155
-50.928041666666665,12.499999999999998,0.000702213
-46.008713888888884,12.499999999999998,0.0007076573333333333
-41.08938611111111,12.499999999999998,0.0007168616666666667
-36.17005833333333,12.499999999999998,0.0007151323636363636
-31.250730555555556,12.499999999999998,0.0007171184285714285
-26.331402777777775,12.499999999999998,0.0007197264999999999
-21.412075,12.499999999999998,0.0007200326
-16.492747222222228,12.499999999999998,0.0007204695999999999
-11.573419444444447,12.499999999999998,0.000721145875
-6.654091666666666,12.499999999999998,0.000722933375
-1.7347638888888852,12.499999999999998,0.0007221806428571427
3.1845638888888885,12.499999999999998,0.0007230189333333334
8.103891666666662,12.499999999999998,0.0007220771818181818
13.023219444444443,12.499999999999998,0.0007210768181818182
17.942547222222217,12.499999999999998,0.0007169417500000001
22.86187499999999,12.499999999999998,0.0007179164705882352
27.78120277777777,12.499999999999998,0.0007178383333333333
32.70053055555555,12.499999999999998,0.0007152617272727274
37.61985833333333,12.499999999999998,0.000711290125
42.53918611111111,12.499999999999998,0.0007112234999999999
47.458513888888874,12.499999999999998,0.0007067908571428571
52.377841666666654,12.499999999999998,0.0007040268333333333
57.297169444444435,12.499999999999998,0.0006984816666666667
62.216497222222216,12.499999999999998,0.0007027585
67.135825,12.499999999999998,0.0006997253333333333
72.05515277777776,12.499999999999998,
76.97448055555554,12.499999999999998,0.000697937
81.89380833333333,12.499999999999998,0.0006875309999999999
86.8131361111111,12.499999999999998,
-85.3633361111111,13.5,
-80.44400833333333,13.5,0.00069164
-75.52468055555556,13.5,
-70.60535277777777,13.5,
-65.686025,13.5,0.000703102
-60.76669722222222,13.5,0.0007018349999999999
-55.84736944444444,13.5,0.000700087
-50.928041666666665,13.5,0.000703376
-46.008713888888884,13.5,0.0007105706000000001
-41.08938611111111,13.5,0.0007104870000000001
-36.17005833333333,13.5,0.0007176166666666667
-31.250730555555556,13.5,0.0007161860000000001
-26.331402777777775,13.5,0.0007206747857142857
-21.412075,13.5,0.0007197656666666667
-16.492747222222228,13.5,0.0007209205
-11.573419444444447,13.5,0.0007218986153846153
-6.654091666666666,13.5,0.000723478588235294
-1.7347638888888852,13.5,0.0007235338235294119
3.1845638888888885,13.5,0.0007228532307692308
8.103891666666662,13.5,0.0007228946666666666
13.023219444444443,13.5,0.0007216423636363635
17.942547222222217,13.5,0.0007188119166666667
22.86187499999999,13.5,0.0007198304
27.78120277777777,13.5,0.0007164319375000002
32.70053055555555,13.5,0.0007138386666666667
37.61985833333333,13.5,0.0007135900000000001
42.53918611111111,13.5,0.0007062874
47.458513888888874,13.5,0.0007123408000000002
52.377841666666654,13.5,0.0007061214285714285
57.297169444444435,13.5,0.0007091063333333333
62.216497222222216,13.5,0.0007011395
67.135825,13.5,
72.05515277777776,13.5,
76.97448055555554,13.5,0.000695844
81.89380833333333,13.5,0.000696089
86.8131361111111,13.5,
-85.3633361111111,14.5,
-80.44400833333333,14.5,0.000698305
-75.52468055555556,14.5,
-70.60535277777777,14.5,0.00069877
-65.686025,14.5,0.00069895275
-60.76669722222222,14.5,0.00071129
-55.84736944444444,14.5,0.0007028478
-50.928041666666665,14.5,0.0007075917500000001
-46.008713888888884,14.5,0.000709837923076923
-41.08938611111111,14.5,0.0007114594
-36.17005833333333,14.5,0.0007154955000000001
-31.250730555555556,14.5,0.0007178356250000001
-26.331402777777775,14.5,0.0007180709166666666
-21.412075,14.5,0.0007203932499999999
-16.492747222222228,14.5,0.0007214538749999999
-11.573419444444447,14.5,0.0007213198333333334
-6.654091666666666,14.5,0.0007240533749999999
-1.7347638888888852,14.5,0.0007246794999999999
3.1845638888888885,14.5,0.0007234163333333333
8.103891666666662,14.5,0.0007241294615384616
13.023219444444443,14.5,0.0007217239166666667
17.942547222222217,14.5,0.0007185677777777778
22.86187499999999,14.5,0.0007197718571428571
27.78120277777777,14.5,0.00072021425
32.70053055555555,14.5,0.000716946076923077
37.61985833333333,14.5,0.000714505
42.53918611111111,14.5,0.0007145908333333334
47.458513888888874,14.5,0.0007090876666666666
52.377841666666654,14.5,0.0007049985714285714
57.297169444444435,14.5,0.000701422
62.216497222222216,14.5,0.000705909
67.135825,14.5,0.000694163
72.05515277777776,14.5,0.000701204
76.97448055555554,14.5,
81.89380833333333,14.5,
86.8131361111111,14.5,
-85.3633361111111,15.5,
-80.44400833333333,15.5,
-75.52468055555556,15.5,
-70.60535277777777,15.5,0.000698326
-65.686025,15.5,
-60.76669722222222,15.5,0.000710247
-55.84736944444444,15.5,0.0007030695
-50.928041666666665,15.5,0.000699001
-46.008713888888884,15.5,0.0007109382727272727
-41.08938611111111,15.5,0.0007105302222222221
-36.17005833333333,15.5,0.0007137147777777778
-31.250730555555556,15.5,0.0007174335
-26.331402777777775,15.5,0.0007199019999999999
-21.412075,15.5,0.0007198271666666668
-16.492747222222228,15.5,0.0007215058461538461
-11.573419444444447,15.5,0.0007226739999999998
-6.654091666666666,15.5,0.0007234189999999999
-1.7347638888888852,15.5,0.000724235
3.1845638888888885,15.5,0.000723580111111111
8.103891666666662,15.5,0.0007244534
13.023219444444443,15.5,0.0007228672777777778
17.942547222222217,15.5,0.00072043725
22.86187499999999,15.5,0.0007190454285714284
27.78120277777777,15.5,0.0007172682666666666
32.70053055555555,15.5,0.0007171005555555557
37.61985833333333,15.5,0.0007126797272727272
42.53918611111111,15.5,0.0007104174444444445
47.458513888888874,15.5,0.000710165
52.377841666666654,15.5,0.0007055225
57.297169444444435,15.5,
62.216497222222216,15.5,0.000685265
67.135825,15.5,0.000696298
72.05515277777776,15.5,0.000693641
76.97448055555554,15.5,
81.89380833333333,15.5,
86.8131361111111,15.5,
-85.3633361111111,16.5,
-80.44400833333333,16.5,0.00069282
-75.52468055555556,16.5,
-70.60535277777777,16.5,0.0006960385
-65.686025,16.5,0.000696479
-60.76669722222222,16.5,0.0007048257499999999
-55.84736944444444,16.5,0.00070677825
-50.928041666666665,16.5,0.000709888
-46.008713888888884,16.5,0.000711521875
-41.08938611111111,16.5,0.0007124576000000001
-36.17005833333333,16.5,0.00071552675
-31.250730555555556,16.5,0.0007164472222222222
-26.331402777777775,16.5,0.0007192350000000001
-21.412075,16.5,0.0007211981904761904
-16.492747222222228,16.5,0.0007216816153846154
-11.573419444444447,16.5,0.0007220346153846153
-6.654091666666666,16.5,0.0007244291111111113
-1.7347638888888852,16.5,0.0007244874444444445
3.1845638888888885,16.5,0.0007252335454545453
8.103891666666662,16.5,0.0007253038
13.023219444444443,16.5,0.0007223189333333334
17.942547222222217,16.5,0.0007204975
22.86187499999999,16.5,0.0007206848750000001
27.78120277777777,16.5,0.0007161429166666666
32.70053055555555,16.5,0.0007173525
37.61985833333333,16.5,0.0007157916666666667
42.53918611111111,16.5,0.000714666
47.458513888888874,16.5,0.0007114431111111112
52.377841666666654,16.5,0.000703080857142857
57.297169444444435,16.5,0.0007009436
62.216497222222216,16.5,0.0006963634999999999
67.135825,16.5,0.00069749
72.05515277777776,16.5,0.000694544
76.97448055555554,16.5,0.0006981223333333334
81.89380833333333,16.5,
86.8131361111111,16.5,
-85.3633361111111,17.5,
-80.44400833333333,17.5,0.000692693
-75.52468055555556,17.5,0.000694822
-70.60535277777777,17.5,
-65.686025,17.5,0.000707045
-60.76669722222222,17.5,0.0007067550000000001
-55.84736944444444,17.5,0.0007012343333333333
-50.928041666666665,17.5,0.0007106405
-46.008713888888884,17.5,0.0007053631111111112
-41.08938611111111,17.5,0.000711779
-36.17005833333333,17.5,0.0007150702857142857
-31.250730555555556,17.5,0.0007194850909090909
-26.331402777777775,17.5,0.000719177142857143
-21.412075,17.5,0.00072136075
-16.492747222222228,17.5,0.0007229345263157895
-11.573419444444447,17.5,0.0007234815714285716
-6.654091666666666,17.5,0.000724911375
-1.7347638888888852,17.5,0.0007247797333333333
3.1845638888888885,17.5,0.0007238274444444444
8.103891666666662,17.5,0.0007236826923076923
13.023219444444443,17.5,0.0007220615384615386
17.942547222222217,17.5,0.0007224020000000001
22.86187499999999,17.5,0.0007190025
27.78120277777777,17.5,0.0007192458181818182
32.70053055555555,17.5,0.0007168153000000001
37.61985833333333,17.5,0.0007147986363636364
42.53918611111111,17.5,0.0007126314
47.458513888888874,17.5,0.0007105813333333333
52.377841666666654,17.5,0.0007097116666666667
57.297169444444435,17.5,0.000705833
62.216497222222216,17.5,
67.135825,17.5,0.0007035585
72.05515277777776,17.5,
76.97448055555554,17.5,0.000694907
81.89380833333333,17.5,0.000691114
86.8131361111111,17.5,
-85.3633361111111,18.5,
-80.44400833333333,18.5,
-75.52468055555556,18.5,0.0007000357499999999
-70.60535277777777,18.5,0.000706498
-65.686025,18.5,0.000700359
-60.76669722222222,18.5,0.0007072345
-55.84736944444444,18.5,0.0007023183333333332
-50.928041666666665,18.5,0.000704312
-46.008713888888884,18.5,0.000710769125
-41.08938611111111,18.5,0.0007119248999999999
-36.17005833333333,18.5,0.000713596
-31.250730555555556,18.5,0.0007181391250000001
-26.331402777777775,18.5,0.0007208814
-21.412075,18.5,0.0007211163571428571
-16.492747222222228,18.5,0.0007224999375
-11.573419444444447,18.5,0.0007232721666666666
-6.654091666666666,18.5,0.0007246615384615385
-1.7347638888888852,18.5,0.0007247711363636365
3.1845638888888885,18.5,0.0007247550909090908
8.103891666666662,18.5,0.0007232857692307693
13.023219444444443,18.5,0.00072397125
17.942547222222217,18.5,0.0007212329230769229
22.86187499999999,18.5,0.0007217596666666667
27.78120277777777,18.5,0.0007198298461538464
32.70053055555555,18.5,0.0007162290833333334
37.61985833333333,18.5,0.0007141604444444444
42.53918611111111,18.5,0.0007133414285714286
47.458513888888874,18.5,0.00071058075
52.377841666666654,18.5,0.0007111045
57.297169444444435,18.5,0.000703436
62.216497222222216,18.5,
67.135825,18.5,0.000700102
72.05515277777776,18.5,
76.97448055555554,18.5,
81.89380833333333,18.5,
86.8131361111111,18.5,
-85.3633361111111,19.5,
-80.44400833333333,19.5,
-75.52468055555556,19.5,0.000691445
-70.60535277777777,19.5,
-65.686025,19.5,
-60.76669722222222,19.5,
-55.84736944444444,19.5,0.00071037
-50.928041666666665,19.5,0.0007011248
-46.008713888888884,19.5,0.0007115456666666667
-41.08938611111111,19.5,0.0007145016666666666
-36.17005833333333,19.5,0.0007162071111111112
-31.250730555555556,19.5,0.0007165615384615385
-26.331402777777775,19.5,0.0007210430666666669
-21.412075,19.5,0.000720648875
-16.492747222222228,19.5,0.0007221956363636363
-11.573419444444447,19.5,0.0007242150625
-6.654091666666666,19.5,0.0007244440909090909
-1.7347638888888852,19.5,0.000724800111111111
3.1845638888888885,19.5,0.0007241427999999999
8.103891666666662,19.5,0.0007241615
13.023219444444443,19.5,0.0007235772142857143
17.942547222222217,19.5,0.0007209311250000001
22.86187499999999,19.5,0.0007203544117647059
27.78120277777777,19.5,0.000718268
32.70053055555555,19.5,0.0007157130000000001
37.61985833333333,19.5,0.0007162415
42.53918611111111,19.5,0.0007151427142857143
47.458513888888874,19.5,0.0007106395
52.377841666666654,19.5,0.000705276
57.297169444444435,19.5,0.0007031487142857144
62.216497222222216,19.5,0.000697565
67.135825,19.5,
72.05515277777776,19.5,
76.97448055555554,19.5,0.000687417
81.89380833333333,19.5,
86.8131361111111,19.5,
